{"cameraMode":{"drawMode":0,"name":"Shaded","section":"Shading Mode"},"sceneLighting":false,"audioPlay":false,"sceneViewState":{"showFog":true,"showMaterialUpdate":false,"showSkybox":true,"showFlares":true,"showImageEffects":true,"showParticleSystems":true},"in2DMode":false,"pivot":{"x":118.66896057128906,"y":158.30035400390626,"z":9.043548583984375},"rotation":{"x":-0.08397779613733292,"y":0.11068812012672425,"z":0.00938671175390482,"w":0.9902564287185669},"size":411.34136962890627,"orthographic":false}