{"cameraMode":{"drawMode":0,"name":"Shaded","section":"Shading Mode"},"sceneLighting":true,"audioPlay":false,"sceneViewState":{"showFog":true,"showMaterialUpdate":false,"showSkybox":true,"showFlares":true,"showImageEffects":true,"showParticleSystems":true},"in2DMode":false,"pivot":{"x":-0.07589448988437653,"y":-0.02220088243484497,"z":0.3833180069923401},"rotation":{"x":-0.20190492272377015,"y":0.3572705388069153,"z":-0.0794038474559784,"w":-0.9084532260894775},"size":0.1428942084312439,"orthographic":false}