{"cameraMode":{"drawMode":0,"name":"Shaded","section":"Shading Mode"},"sceneLighting":true,"audioPlay":false,"sceneViewState":{"showFog":true,"showMaterialUpdate":false,"showSkybox":true,"showFlares":true,"showImageEffects":true,"showParticleSystems":true},"in2DMode":false,"pivot":{"x":0.08413597196340561,"y":-0.0008360669016838074,"z":0.3131675124168396},"rotation":{"x":-0.01914725825190544,"y":0.9781312346458435,"z":-0.17859292030334474,"w":-0.10486749559640885},"size":0.34031277894973757,"orthographic":false}