{"cameraMode":{"drawMode":0,"name":"Shaded","section":"Shading Mode"},"sceneLighting":true,"audioPlay":false,"sceneViewState":{"showFog":true,"showMaterialUpdate":false,"showSkybox":true,"showFlares":true,"showImageEffects":true,"showParticleSystems":true},"in2DMode":false,"pivot":{"x":-0.13900969922542573,"y":0.03733643889427185,"z":0.3167616128921509},"rotation":{"x":-0.22539040446281434,"y":0.021931162104010583,"z":0.0050749462097883228,"w":0.9740084409713745},"size":0.07759779691696167,"orthographic":false}