{"cameraMode":{"drawMode":0,"name":"Shaded","section":"Shading Mode"},"sceneLighting":false,"audioPlay":false,"sceneViewState":{"showFog":true,"showMaterialUpdate":false,"showSkybox":true,"showFlares":true,"showImageEffects":true,"showParticleSystems":true},"in2DMode":false,"pivot":{"x":0.0,"y":0.04625000059604645,"z":0.30000001192092898},"rotation":{"x":-0.19369632005691529,"y":-0.14422491192817689,"z":0.028801007196307184,"w":-0.9699749946594238},"size":0.8820904493331909,"orthographic":false}